id,timestamp,category,x1,x5,x2,y
1,2024-01-01 00:00:00,B,0.17517845559778916,-0.8096035199216461,0.6835119515543189,4.318829943351292
2,2024-01-01 01:00:00,A,0.2022088913599509,0.4250610444640897,3.7523416784317725,-32.84672068043603
3,2024-01-01 02:00:00,C,0.7691980363788655,-0.4698393470709161,1.9008476763721005,-29.039075687538492
4,2024-01-01 03:00:00,B,1.1543328354359643,-0.005452270878279103,-1.1538073113248062,4.563346168951714
5,2024-01-01 04:00:00,C,1.2278867700250227,0.5622842480036996,-1.796829342696716,34.03615794946471
6,2024-01-01 05:00:00,C,1.2159268897025404,0.03142226981093782,0.9838383430130114,10.249338965132395
7,2024-01-01 06:00:00,A,1.3894581524202798,-0.4003858905265686,-2.6404664140412843,2.624161856814297
8,2024-01-01 07:00:00,C,1.3609807106267675,-0.06060980392583083,3.6629175317087075,-14.56721238627072
9,2024-01-01 08:00:00,B,1.3197207580220327,-0.02436295920533532,2.358880241442574,-10.365755444983444
10,2024-01-01 09:00:00,B,0.9727677591046489,-0.2890110298821277,-0.9383513042094096,-1.269948446643431
11,2024-01-01 10:00:00,B,0.6047560323050803,-0.15879606266710236,-3.426269058181755,12.784099024483318
12,2024-01-01 11:00:00,A,0.6024408263963378,1.719647170504717,2.7077447483308257,-16.99733294012092
13,2024-01-01 12:00:00,B,0.8681917902100307,0.7049194479412387,-0.22907969050523577,7.047367828077773
14,2024-01-01 13:00:00,B,0.2625353374085602,-0.12648031802916035,2.4756326239469235,-9.452908874529093
15,2024-01-01 14:00:00,B,0.6729157943886698,0.8929544045107356,-3.188855317588734,9.741889115611958
16,2024-01-01 15:00:00,B,0.5425909870090401,-0.10881948975600994,-1.1987500459075457,1.5251327215610821
17,2024-01-01 16:00:00,C,0.7932456299778528,1.4291246375866413,0.010487399436366332,6.187608597744582
18,2024-01-01 17:00:00,C,1.2945941392477356,0.6586421921980938,0.09396118752948411,-10.208545858624692
19,2024-01-01 18:00:00,B,1.07175841487633,0.21669785599577113,-0.9001309429584873,10.47834530613746
20,2024-01-01 19:00:00,B,1.084773970096302,0.8087169258102775,1.2456998646949975,7.58804653759598
21,2024-01-01 20:00:00,B,0.6535547488697725,-1.1708761520684994,-2.1352408587651888,24.173571507438126
22,2024-01-01 21:00:00,B,1.1994412086211734,-0.6857674689098052,-0.284758970042587,18.196235392941873
23,2024-01-01 22:00:00,C,1.00542575149435,-0.7099250063990554,0.24059126342379772,5.321820866641451
24,2024-01-01 23:00:00,C,1.2279408146869282,0.6719430947637068,1.028877668117498,-17.819312786032395
25,2024-01-02 00:00:00,B,0.2026044275008696,2.3085149994850918,1.4232297561777796,3.341802378215382
26,2024-01-02 01:00:00,B,0.05000625920267703,2.8563001461926323,-2.2492841836757385,11.331944056691304
27,2024-01-02 02:00:00,B,-0.2501692723127156,1.3140511014407572,-3.0682283414712446,25.769937495345783
28,2024-01-02 03:00:00,C,-0.13167062378007832,1.229844474944457,2.555353643797018,-11.625577760979384
29,2024-01-02 04:00:00,B,-0.8600755090599945,-1.017057734152739,0.6646280239591833,12.734032490116485
30,2024-01-02 05:00:00,C,-0.9040154632911255,0.2983262002659782,-1.4969730731131072,8.62585501428349
31,2024-01-02 06:00:00,C,-0.8834160571099712,0.11221624809176112,3.102303951045046,-18.368022717441313
32,2024-01-02 07:00:00,B,-1.0119216594663978,0.34015240174888395,0.23134926858571733,-11.636880026150536
33,2024-01-02 08:00:00,C,-1.1397697738386714,0.8558561814152104,2.358594368127653,-20.172568224844778
34,2024-01-02 09:00:00,C,-0.8408057494398591,0.6169094223028726,0.1350369628202179,12.144606151328365
35,2024-01-02 10:00:00,C,-0.44960750513031794,-0.8232998103757878,4.121495849763974,-39.64761783020231
36,2024-01-02 11:00:00,B,-0.9572130691896994,1.972910256117534,3.510681684886409,-25.860114372329612
37,2024-01-02 12:00:00,B,-0.5147611655600333,0.22325697426019353,-0.497928296958147,-1.3451920524461451
38,2024-01-02 13:00:00,C,-0.7150343373559421,1.6082468641111496,1.9431419019087108,-13.188816377516094
39,2024-01-02 14:00:00,C,-0.15061430275723559,3.5180826697499734,1.290751899170295,-0.5489248664477371
40,2024-01-02 15:00:00,C,-1.0232676216109173,0.6016154084135767,2.7372631150646973,-21.964016553741995
41,2024-01-02 16:00:00,C,-0.8340359046608887,-0.9302875227463296,-1.929846921160209,2.072086485727441
42,2024-01-02 17:00:00,C,-0.6779324797568982,1.3949957781198892,1.3721029199968786,12.793269023936531
43,2024-01-02 18:00:00,C,-0.4473288910715569,2.864959634998571,2.1168489736991756,-6.1770265754923965
44,2024-01-02 19:00:00,A,-1.0382719648125647,3.8073474542205936,-3.5174789728462286,21.05086066471744
45,2024-01-02 20:00:00,C,-1.2386240824093935,0.7064504055475831,-2.36651702533155,6.449411482055893
46,2024-01-02 21:00:00,C,-0.49473780091881314,2.5216992232365216,-4.078464355520201,7.013755286579748
47,2024-01-02 22:00:00,C,-1.4035956126299394,1.6506895432199467,-0.5388136688891155,8.85602225628023
48,2024-01-02 23:00:00,C,-1.4613065324037366,2.1030516456958646,1.4350845115919246,-6.251687386394374
49,2024-01-03 00:00:00,B,-0.43379342002457033,4.948343347017035,3.004714104192056,-11.20624798258645
50,2024-01-03 01:00:00,C,-0.4304281733631512,0.898029671604847,0.14818956083955037,8.319552180712218
51,2024-01-03 02:00:00,C,-0.2748957850383726,2.7537396614945733,3.2572310911425837,-14.734924050495284
52,2024-01-03 03:00:00,A,0.5524050418707136,3.068693171765433,-2.7602029164297828,8.42542332797556
53,2024-01-03 04:00:00,B,0.6908170016970803,3.7897863249393473,,36.49675110684452
54,2024-01-03 05:00:00,B,0.6718505419886156,2.9069831534708954,-0.11109539779323756,-2.1187304105303535
55,2024-01-03 06:00:00,B,0.6094128475090204,3.2240505395041024,0.7681308978786145,20.325442287222984
56,2024-01-03 07:00:00,A,1.3293706606268125,2.633351432578209,-0.06538949618818622,12.59024649822428
57,2024-01-03 08:00:00,B,1.261251313892628,3.4051269412451073,-4.134884200079753,33.10884398739108
58,2024-01-03 09:00:00,C,ошибка,2.9058077245025897,-0.17824007902557681,-16.951870066122343
59,2024-01-03 10:00:00,C,1.4469319547282171,3.985571889856051,-2.6089390010097064,24.276265996215567
60,2024-01-03 11:00:00,C,0.4442266087835435,3.111389663956366,1.339345097660077,22.93618933021046
61,2024-01-03 12:00:00,C,0.18603876384671686,3.9771003939021865,0.7331964921936965,23.14236413394741
62,2024-01-03 13:00:00,B,0.3434191317277625,3.691737186315022,-1.8797595726547105,12.331851470855089
63,2024-01-03 14:00:00,B,0.49021776739410516,4.970050250772168,-1.027733834673387,0.5935637983918118
64,2024-01-03 15:00:00,C,0.583777015652976,3.917606276411514,-2.118427043777903,10.115936111694676
65,2024-01-03 16:00:00,B,0.4980473352322795,2.3229675317931187,-0.12535819454634375,0.6568158655810663
66,2024-01-03 17:00:00,C,0.7778055475429233,5.486921500713992,1.9102846410024765,-22.52488307835359
67,2024-01-03 18:00:00,C,0.4221113708282687,3.450267699137381,-1.9714520926710875,20.53212907063578
68,2024-01-03 19:00:00,C,1.3559818034371014,3.83523366135118,1.0080930310356888,-12.238990124743053
69,2024-01-03 20:00:00,C,0.9978985027343088,4.028338705956507,-1.0605152367448816,31.46591467867826
70,2024-01-03 21:00:00,A,1.4083062496170835,6.1354380931708175,-1.5857456645246883,26.836144924808593
71,2024-01-03 22:00:00,B,1.1592815171092392,2.764325786021305,-0.21406071990911565,29.11158447325123
72,2024-01-03 23:00:00,C,1.0996475087068514,8.178748533659995,-2.070484644838748,20.846386334236644
73,2024-01-04 00:00:00,B,0.9623064362103125,6.240056809066052,-1.107298610694364,11.447350367797005
74,2024-01-04 01:00:00,C,0.6868169860949169,5.552238914129159,-2.395755785177697,15.789007992024942
75,2024-01-04 02:00:00,A,0.45743878376037067,5.421105999383713,,-21.001525943076906
76,2024-01-04 03:00:00,C,0.35154371290736564,5.910554074857657,0.07052710394345722,13.99134116524625
77,2024-01-04 04:00:00,C,-0.2957780164414282,6.297122428379338,-1.3994510159851712,10.87330390150495
78,2024-01-04 05:00:00,C,-0.4176083726131926,6.574215585950057,0.427959821468444,16.921375214924232
79,2024-01-04 06:00:00,B,-0.8774027436718129,6.6396044660034494,-0.22465609938165965,-17.986479461221922
80,2024-01-04 07:00:00,B,-0.56705336586164,6.330580681255249,-0.44193919906644596,5.905226331167038
81,2024-01-04 08:00:00,C,-1.2722086703396145,6.202661579692674,1.2283334000868504,-3.726570469117939
82,2024-01-04 09:00:00,B,-0.5240353593366657,6.409726716346488,1.5150154200946102,-29.890685048863514
83,2024-01-04 10:00:00,C,-1.0088466379471004,6.529091719647319,-1.061002295221055,20.279642687126135
84,2024-01-04 11:00:00,C,-1.3160331405442247,8.022770096867065,-1.15163648128936,18.573768729471357
85,2024-01-04 12:00:00,C,-0.7203916219632415,7.649556722280862,-0.550103394303288,16.594082902227893
86,2024-01-04 13:00:00,C,-0.8425230391868573,4.284611365335721,-4.60384232947117,25.66120971677656
87,2024-01-04 14:00:00,B,-0.29525376630431094,8.051900776529761,-3.0303821243971045,12.601047862716168
88,2024-01-04 15:00:00,C,-0.6987132268361319,7.763736194718775,2.7337485348890493,-26.224528997503803
89,2024-01-04 16:00:00,C,-0.6464109987794624,7.725291243554103,3.2899354270025674,-53.10566265131089
90,2024-01-04 17:00:00,B,-1.1414939638742512,7.532481546911114,-0.49807207911275664,29.871006192061113
91,2024-01-04 18:00:00,C,-0.8137705393454826,9.224112719986014,1.1531139261115328,-15.442243665907199
92,2024-01-04 19:00:00,B,-1.5312142637425206,9.228526462122858,0.6225003090870722,0.42489387280823987
93,2024-01-04 20:00:00,B,-1.4038252092968788,7.691122332176391,6.157761616910475,-31.186019166771125
94,2024-01-04 21:00:00,B,-0.7982924872552589,9.056052287124537,2.2391498228691535,-5.7531860558581265
95,2024-01-04 22:00:00,C,-0.8382609350203138,7.864343265458714,-0.25583518296153307,12.104457349205251
96,2024-01-04 23:00:00,B,-0.9260106000800312,7.64538183521107,-1.9110808812008515,-12.341312352101824
97,2024-01-05 00:00:00,C,-1.245948863400427,8.589282775410036,-3.212892640515145,5.291137369667702
98,2024-01-05 01:00:00,C,-0.7952302273784035,10.27139347238276,0.4069272717344462,-3.2317069531778397
99,2024-01-05 02:00:00,B,-0.5401679496689001,10.557125045376088,-1.5127014905686067,-8.46066536186524
100,2024-01-05 03:00:00,A,-0.5968808883590231,10.314085420097292,-2.8445074191953483,36.254129732653084
101,2024-01-05 04:00:00,C,0.51393867326319,10.725095786847998,-1.2931457684850531,28.640428943653472
102,2024-01-05 05:00:00,B,0.6326985275025543,10.717178287114958,-2.16309600722879,45.09087815863934
103,2024-01-05 06:00:00,C,0.5765129114338599,9.762518404777047,3.3742832701451295,-6.623457656551867
104,2024-01-05 07:00:00,B,0.8677748013032053,11.04092254467394,1.763279513898901,-7.257260674540048
105,2024-01-05 08:00:00,B,1.0669895945164445,11.616409525227683,-0.015945282633234744,4.599668693102222
106,2024-01-05 09:00:00,C,0.45823810581560975,11.779291329813574,2.9598882777800517,-15.24075283974852
107,2024-01-05 10:00:00,B,0.9881328675190627,12.424913371474643,0.1547366152952366,23.19208757225453
108,2024-01-05 11:00:00,B,0.787521611094947,12.157303847201064,-1.7225684026565273,4.580167167479109
109,2024-01-05 12:00:00,B,0.580129236250104,12.015448207541583,3.0462481545393145,-16.465880912301337
110,2024-01-05 13:00:00,B,0.6680827761952057,12.951150238316428,1.0778200873693173,-10.986158956692556
111,2024-01-05 14:00:00,C,1.1721006579625313,12.07347874075094,-2.074492308652913,42.92059161828411
112,2024-01-05 15:00:00,C,0.7362723632948819,11.439125348772283,-0.3806773561672164,2.8760713700261524
113,2024-01-05 16:00:00,B,0.3307422112633174,12.380933036056236,-1.7512365067695144,29.165755762571226
114,2024-01-05 17:00:00,C,0.6862446912703454,12.02409735519355,-2.765599461928672,25.875106114584852
115,2024-01-05 18:00:00,C,0.9987570423080658,12.320821725025619,1.8523550950632828,-11.930340649018284
116,2024-01-05 19:00:00,B,0.9614158454955407,13.080481329284481,3.818833280940261,-17.544681354788203
117,2024-01-05 20:00:00,B,0.8284137601651798,12.663580079000038,-2.7971351476382824,32.559885017778285
118,2024-01-05 21:00:00,C,0.7403077137741191,13.38103847036096,1.1259384733811417,-1.4927710264812752
119,2024-01-05 22:00:00,C,1.2396302791254215,12.030385333046214,-1.3012851382436539,33.95426988770369
120,2024-01-05 23:00:00,C,1.1927584893269396,14.374293707372939,-0.9742507675293921,-2.491859938753885
121,2024-01-06 00:00:00,C,1.3191941195014287,14.401205475362225,-1.1847878484777383,16.774043464049306
122,2024-01-06 01:00:00,A,1.1394470597200743,13.82391136893181,-1.727981539359632,2.006101223829239
123,2024-01-06 02:00:00,C,1.0851541249771646,15.543245668432405,0.09704325588965398,12.971718794199688
124,2024-01-06 03:00:00,C,0.3649783435213952,16.06657013762656,-1.6619002328220756,20.863251760799532
125,2024-01-06 04:00:00,C,0.6292821577849717,13.768440135631025,0.5409136515596776,11.627448195062486
126,2024-01-06 05:00:00,B,-0.01934197766998265,14.862275221433785,-0.1004762188982739,-7.898872524424176
127,2024-01-06 06:00:00,A,0.2384170242769475,15.106857650212701,-0.4778960937328195,15.802550099077006
128,2024-01-06 07:00:00,B,-0.8619085895704233,15.189096898891137,-1.8151273240831958,2.341518892481071
129,2024-01-06 08:00:00,C,-0.34796458032247324,17.21347484193175,-1.1535426611366655,13.95684045761562
130,2024-01-06 09:00:00,B,-0.9502894023385533,16.4471738612272,1.510782451651512,17.078464423540503
131,2024-01-06 10:00:00,B,-1.267462686832651,16.635485158689388,1.0018343752487615,0.7479136699713731
132,2024-01-06 11:00:00,A,-1.205264637214939,15.157137635593248,-1.955110489597102,25.72210185068957
133,2024-01-06 12:00:00,A,-1.0834344763906145,18.059418030209226,0.19866461085845175,-1.5564403168965903
134,2024-01-06 13:00:00,C,-0.7471381951940298,16.449741605146528,1.502774246743578,7.583602209544628
135,2024-01-06 14:00:00,C,-0.5891742375879008,18.015932630266327,-3.3388105622427435,8.986336493731088
136,2024-01-06 15:00:00,C,-0.7995702911564648,18.502376937958193,1.08672038475987,-4.057098620242588
137,2024-01-06 16:00:00,B,-0.5480175000252097,19.85665859583865,-1.3252475178916934,12.158057504719967
138,2024-01-06 17:00:00,C,0.1412775383107826,17.46017960088089,1.1411973371863187,-11.187290550317462
139,2024-01-06 18:00:00,B,0.0017469644787504457,16.024487844179177,-1.5265183130850337,-0.466321375477305
140,2024-01-06 19:00:00,B,-0.45247508729223285,19.504849544753696,-3.609764201329038,23.605718261600263
141,2024-01-06 20:00:00,B,-0.678626389155641,21.400511181510854,-3.2550848757663253,30.945731325674018
142,2024-01-06 21:00:00,B,-0.7809831441371987,21.119946352939436,0.09616989332276399,24.150564523120785
143,2024-01-06 22:00:00,B,-0.7559970256812607,20.373659415274627,0.5194450034429637,7.485807519794916
144,2024-01-06 23:00:00,C,-1.3406181793280205,19.957363814367955,-1.8086332502088172,18.081264828725764
145,2024-01-07 00:00:00,C,-1.1524643893224071,21.54312259663731,1.2771849175547478,-8.293927376153876
146,2024-01-07 01:00:00,C,-1.548003418133002,20.051453800295533,-3.3230401245379197,22.662421657334487
147,2024-01-07 02:00:00,B,-0.8219738104143636,21.79235776935622,-0.13215959729463314,-6.530644992855849
148,2024-01-07 03:00:00,A,-0.5653338555186425,22.11447015916663,-2.4220323995249133,24.573862752385267
149,2024-01-07 04:00:00,B,-0.656848396673123,22.96420990749888,-1.3036722156043183,10.72807629207176
150,2024-01-07 05:00:00,C,0.2534932299789185,24.96066003891108,0.09479734263282803,-10.113001682117316
151,2024-01-07 06:00:00,C,-0.27342322971774186,22.892415967178767,-1.7208267305679048,9.213253791246487
152,2024-01-07 07:00:00,C,-0.04056716617321482,22.292036374292504,-0.7691110884596507,9.565867981504203
153,2024-01-07 08:00:00,A,0.7346928000640436,23.078425687808004,2.012585618428881,3.192452536042736
154,2024-01-07 09:00:00,C,1.1917441486929028,21.63992409511088,-1.1537837390462975,23.184694353471983
155,2024-01-07 10:00:00,A,1.5198303634389148,23.02128686891094,1.6713842241302836,10.983641361550285
156,2024-01-07 11:00:00,C,0.9354629825389822,23.6157175618869,-2.259413709315236,27.947860123962084
157,2024-01-07 12:00:00,C,1.3813623474350756,23.81191160206541,1.0596083558305656,-6.648506300544536
158,2024-01-07 13:00:00,C,0.9708898403198917,24.801354872033723,2.8831372413158007,-5.673441025369763
159,2024-01-07 14:00:00,C,0.8163338790379938,24.141580067617802,-4.943289000254579,53.7403439177815
160,2024-01-07 15:00:00,B,1.0047600605398253,26.40203066732447,-1.5937905109409536,-5.1461015130733365
161,2024-01-07 16:00:00,C,0.8179036365966201,25.600207064918198,1.15414425436108,-3.0344607464288975
162,2024-01-07 17:00:00,C,0.06460552927913848,25.911699678861385,-0.4060907720859854,26.04112886716335
163,2024-01-07 18:00:00,A,0.9438114309891359,25.91610528348708,0.7422917467426177,9.73654270198509
164,2024-01-07 19:00:00,B,0.9327208459839074,26.72419068385898,-1.2079703734316412,13.987522117652777
165,2024-01-07 20:00:00,B,0.400226251050155,27.721098264667635,0.17317957494579983,-16.2991724661525
166,2024-01-07 21:00:00,B,0.814821961109089,26.3578697842891,-0.31135447078415895,24.171804316431235
167,2024-01-07 22:00:00,B,0.9716599853237835,26.897883510924743,2.3355641233196147,-17.648746613127635
168,2024-01-07 23:00:00,C,1.0238443588401276,27.585273971223334,0.5088416866024262,-12.248864154517445
169,2024-01-08 00:00:00,B,0.872174099488292,26.878129076526786,0.6752053241504044,12.510115429513789
170,2024-01-08 01:00:00,B,0.8741279436269733,27.741742140278504,-0.8237539322449348,16.81842049422837
171,2024-01-08 02:00:00,C,1.0363572658159077,28.423779126455344,-0.9752124481449871,28.232987217583503
172,2024-01-08 03:00:00,C,1.2862111817386408,30.11538918071273,-0.8651163756392418,17.930244548631627
173,2024-01-08 04:00:00,C,0.9116118191755078,29.846561329001926,0.7889042847565937,4.877656083949423
174,2024-01-08 05:00:00,B,0.3869364634531268,30.122589911367548,-0.8419689616405259,3.609378314113062
175,2024-01-08 06:00:00,C,0.4348011691972916,31.126897962167973,0.5795497137928258,-9.87355001247954
176,2024-01-08 07:00:00,C,-0.9645321993035029,30.487628211600605,4.150801597290878,-11.434831039587113
177,2024-01-08 08:00:00,B,-0.06860907953588008,31.36646484992889,1.7422494068633847,21.51706228264767
178,2024-01-08 09:00:00,A,-1.2013288894339071,31.225778247067506,-0.6520470643356823,6.338825418019713
179,2024-01-08 10:00:00,C,-0.9950228100006332,31.949362349399628,2.4024278443278897,-14.64377218981625
180,2024-01-08 11:00:00,C,-1.3553439105500587,31.458241342388423,-0.8161507460431028,3.3102577508069455
181,2024-01-08 12:00:00,C,-1.4624371187306204,29.96118284172357,-4.076249070355708,29.055190902214346
182,2024-01-08 13:00:00,C,-0.7070179171976603,32.6267208378137,-2.016172621834808,14.2642089518212
183,2024-01-08 14:00:00,C,-1.1177664968948051,34.54674813609994,-3.7415838420517114,5.221123962787839
184,2024-01-08 15:00:00,C,-0.7578695867956452,34.41521540224159,-0.7030269680826173,3.4970856623892494
185,2024-01-08 16:00:00,A,-0.7474036761285814,34.821397484591174,0.0368367583791034,9.137983692135215
186,2024-01-08 17:00:00,B,-0.4739243210260501,35.46113072180622,3.3528746245505654,-7.4158253151700535
187,2024-01-08 18:00:00,B,-0.5114105373751208,34.68465759096144,0.6538547475283253,3.6649998590006017
188,2024-01-08 19:00:00,C,-0.8853310938278829,35.166315707405595,-0.4382010576177285,-14.624382837766387
189,2024-01-08 20:00:00,C,-0.22212119310056028,34.72634810456565,1.6588111623669783,-1.0259258342066286
190,2024-01-08 21:00:00,C,-0.7406439442135173,35.404927143972955,-4.42227061801577,30.543356476150656
191,2024-01-08 22:00:00,B,-1.16915786691041,36.71577114977114,0.47122911621713187,7.021880817262451
192,2024-01-08 23:00:00,C,-0.9583311363482432,37.68488443716882,1.5417303877739337,-18.854335758349798
193,2024-01-09 00:00:00,A,-0.5009271162541129,36.724553724319,-2.957172491559683,-2.6344325994093865
194,2024-01-09 01:00:00,B,-0.7855498950477235,36.79881073514859,2.287508086413858,-14.358069050436196
195,2024-01-09 02:00:00,C,-1.180397454140198,37.6365279588566,0.6769928149888282,-1.3706120830370716
196,2024-01-09 03:00:00,C,-1.1451988924614735,38.626206748929114,-0.8305758278016026,8.285247974647202
197,2024-01-09 04:00:00,C,-1.0233420558124813,36.97214518386646,1.2655637322125697,27.673118859973894
198,2024-01-09 05:00:00,B,-0.11438334726962018,36.51281904686276,4.541385715608792,-29.101899622850812
199,2024-01-09 06:00:00,B,-0.369656147203842,38.653463150508415,0.3637325101169903,2.6570153777044943
200,2024-01-09 07:00:00,B,-0.05882122334948395,38.38028757408584,0.49644117260067216,-0.9658579819094513
201,2024-01-09 08:00:00,B,0.4346921344015852,39.49185980235269,-0.9187217990804882,23.910450961750765
202,2024-01-09 09:00:00,C,0.49927525893189806,40.25321968118253,-1.6996887389295836,24.554386403205545
203,2024-01-09 10:00:00,C,0.6136097145012425,40.35075159097699,1.6606716330884912,5.8064910786775
204,2024-01-09 11:00:00,C,0.8358751045649636,42.661467534470745,-1.7121676518177344,7.940154939551883
205,2024-01-09 12:00:00,B,1.0025549165359375,41.94274476460232,0.14313247443878493,15.79068970158432
206,2024-01-09 13:00:00,C,1.0635851001284677,42.32547435961083,-0.9553148935302334,-9.558832102605905
207,2024-01-09 14:00:00,A,1.2709136030556998,43.0582071440434,0.9579596514927837,1.6482788930388566
208,2024-01-09 15:00:00,C,0.9879583000490781,41.710166882219234,0.6673242105738966,24.315689925221715
209,2024-01-09 16:00:00,B,1.075279293302035,44.30311178742027,2.0750798885157984,2.0446824842645777
210,2024-01-09 17:00:00,B,0.7028092103504401,43.60523571346454,-1.020032797709494,25.42828435159783
211,2024-01-09 18:00:00,C,0.6355426136038409,44.77048061724121,-0.5397498705867425,42.70890810540434
212,2024-01-09 19:00:00,C,-0.06794591626637914,43.449142766959845,-1.9575274315646147,-0.9738560886915799
213,2024-01-09 20:00:00,A,0.7750543592455813,43.390241233983936,-0.8885865201522232,7.248676400330048
214,2024-01-09 21:00:00,B,0.6273848904150133,46.18688965802503,0.7546009860897044,-0.0006327820367975079
215,2024-01-09 22:00:00,C,0.8966388348804,46.17240952609752,1.5139772332907038,1.2620745233425867
216,2024-01-09 23:00:00,B,-0.16054487010759178,45.32294844564249,-1.8443306483552508,37.198137771235594
217,2024-01-10 00:00:00,B,1.4628386998580547,45.786336918725304,1.7392118402113204,10.18422923427166
218,2024-01-10 01:00:00,B,0.914710890832889,48.21443478441477,2.711275717609902,-14.007116337698106
219,2024-01-10 02:00:00,B,1.376285034559083,46.334588107132674,0.8268698064474017,22.678673745249114
220,2024-01-10 03:00:00,C,0.7638386465791085,49.60367295325596,3.753591625116132,23.583571809949266
221,2024-01-10 04:00:00,C,1.2204542672871208,47.49937926535213,-1.547578398207146,25.45570774587141
222,2024-01-10 05:00:00,C,0.6030941697925898,49.47939192560838,-2.489309406622834,28.16693190620766
223,2024-01-10 06:00:00,C,0.5389919377844996,48.95538152425102,-3.557440497808557,30.44058017343746
224,2024-01-10 07:00:00,B,1.0444529215852678,50.33218743108234,2.992088622978366,-13.31172425151564
225,2024-01-10 08:00:00,A,0.11512808731327343,49.63188599788581,1.3087313127081155,-5.5732172850018165
226,2024-01-10 09:00:00,B,-0.07598607823814785,50.4622070939277,-0.11116934182091014,7.12246207498995
227,2024-01-10 10:00:00,B,-0.18092097317597422,51.11691917539572,0.5599372526396406,-9.163199486838707
228,2024-01-10 11:00:00,B,-0.5543731554429112,50.52681254421853,-2.250978094596753,41.07821119511635
229,2024-01-10 12:00:00,C,-0.8579563718305159,52.724824345420124,4.891503959233653,-27.21657770971793
230,2024-01-10 13:00:00,C,-0.9189408746326023,51.92778643352842,,-2.290912033874796
231,2024-01-10 14:00:00,B,-0.3542621707852184,52.67140008465998,0.21878958920978578,24.210544954967133
232,2024-01-10 15:00:00,C,-1.067122425289457,52.36665062539149,1.451533247797384,18.070251197269325
233,2024-01-10 16:00:00,C,-0.9068708689289218,51.26166634120469,0.9620184634734265,11.37719995681244
234,2024-01-10 17:00:00,C,-0.5339285513870886,54.09797223739983,0.44776804855826274,15.060614298963447
235,2024-01-10 18:00:00,C,-0.389097353274139,57.16861542161291,-1.5809489108906238,9.524752476151942
236,2024-01-10 19:00:00,C,-0.2508464788367745,56.00960428789803,0.9429367142719914,12.894098722624934
237,2024-01-10 20:00:00,C,-0.3370769883455613,55.6767396202656,3.7640489929500673,-0.6759595589419671
238,2024-01-10 21:00:00,C,-0.8429188147602859,55.90610917079174,2.6908400923099554,0.7439557870809335
239,2024-01-10 22:00:00,C,-0.035974211071821416,56.66646589281204,3.186373253278794,-21.80860693099636
240,2024-01-10 23:00:00,B,-0.9459530210278813,57.66811911517521,-1.0224313528623703,14.172516833344405
241,2024-01-11 00:00:00,B,-0.6237326934803262,56.419187184691154,-1.9792096405171618,23.035198793092544
242,2024-01-11 01:00:00,C,-1.069019550544575,59.19532169466888,-0.2515738401992963,11.200499578406268
243,2024-01-11 02:00:00,B,-0.9811788175996982,59.27938131544124,0.11144982457738921,-8.825207163784407
244,2024-01-11 03:00:00,A,-0.9482757413563281,59.76718572570793,2.188383036941897,5.870738030244844
245,2024-01-11 04:00:00,C,-0.9792320947023738,59.97447573880973,-3.3849292594296387,11.294411157714663
246,2024-01-11 05:00:00,A,-0.9060484858921036,60.044616657693986,3.0591006389212274,-11.460272263627811
247,2024-01-11 06:00:00,C,-0.42708195112792297,61.18886123596682,-0.31601579715797884,14.746745397667016
248,2024-01-11 07:00:00,C,-0.5786182666719595,61.60081413374138,-0.8537621398948401,-17.149163515024775
249,2024-01-11 08:00:00,C,-0.5293909858508208,61.14995928905898,-2.024208750520335,35.946725724903786
250,2024-01-11 09:00:00,B,0.13243378593933036,61.427398227103104,-3.3097133437315387,36.51676340703442
251,2024-01-11 10:00:00,A,0.5136335112245629,62.60185629526199,1.6463411679238291,20.688189181267248
252,2024-01-11 11:00:00,C,0.08786165072252294,64.55002015149519,0.14663593437680777,-0.03254655867232259
253,2024-01-11 12:00:00,C,0.8938985780811138,62.2648929243461,-2.5799217994821078,8.406934192061296
254,2024-01-11 13:00:00,C,1.1215471545387867,62.54147473424756,-2.590157544127232,9.523318154505148
255,2024-01-11 14:00:00,B,0.9433556611546919,64.68076084123652,-0.6715693985802564,4.032994570925213
256,2024-01-11 15:00:00,B,1.4883513033309406,65.07588770185602,3.338043050578786,1.1351532293539028
257,2024-01-11 16:00:00,C,1.001887788337612,65.70934166437041,-0.5191827027272096,24.20749041757402
258,2024-01-11 17:00:00,B,0.9996102496632719,66.2929531979085,-3.0062859062362124,55.718969762063374
259,2024-01-11 18:00:00,C,0.7908152482536094,66.34079774536521,-0.49148612817188864,-7.737886545656398
260,2024-01-11 19:00:00,B,0.7191970473264725,68.57086343860209,-0.545447139495341,13.154401337040674
261,2024-01-11 20:00:00,A,0.2731668770537163,65.99909602152348,-5.393773285883143,51.78059472000747
262,2024-01-11 21:00:00,B,0.09398840598386543,67.29250297521975,-0.10858973303562441,-2.8662567704332496
263,2024-01-11 22:00:00,B,0.9783688599086324,68.54074523985096,-0.4618690604173559,32.261545553969356
264,2024-01-11 23:00:00,C,0.2746076504588199,67.52581118884584,1.3924127296268367,1.0492872075528572
265,2024-01-12 00:00:00,C,0.30953786566799457,69.52014559556793,3.6979121898906904,-4.278207879767184
266,2024-01-12 01:00:00,B,0.07473809908041096,71.88647016572803,2.253130059095515,-6.7470274010869336
267,2024-01-12 02:00:00,C,0.6574363458825244,70.77688648829596,-0.5377773811096611,20.27048205892714
268,2024-01-12 03:00:00,A,0.5702736449211652,71.51970090571868,-2.2130518174833407,47.88360633523287
269,2024-01-12 04:00:00,C,1.5424413342202887,70.56383523482742,5.146719606499721,-11.630643112516434
270,2024-01-12 05:00:00,A,1.3782319731594919,71.74463859196052,0.11843686802897652,4.574925550870656
271,2024-01-12 06:00:00,C,0.8219840718191523,72.52480361967606,0.027858583825892406,17.435741650850044
272,2024-01-12 07:00:00,C,1.5788127849768796,73.12328490324377,-0.048250174220006554,10.038093600890376
273,2024-01-12 08:00:00,C,0.9976073679321722,75.26564379500377,0.3961695215357099,29.639333162032493
274,2024-01-12 09:00:00,C,0.34449187733000974,75.08669106072512,-0.28872082384788494,18.170132498159866
275,2024-01-12 10:00:00,C,-0.6086057742700117,73.96454204306298,-1.1473240137604725,27.557624549483805
276,2024-01-12 11:00:00,C,0.5149499642349511,75.871504778432,-1.0937178824807843,13.50644863468906
277,2024-01-12 12:00:00,C,-0.8871152554542994,76.67422174849679,-0.06550654043199677,12.377911631799808
278,2024-01-12 13:00:00,C,-1.2197422500803041,77.86914903852127,-1.08684954226753,8.881449935214963
279,2024-01-12 14:00:00,C,-0.6123477091417933,78.86454068656838,-1.4256915653543287,7.880936236148607
280,2024-01-12 15:00:00,B,-0.30469637386656645,76.82590580817214,0.21286045538379367,4.134051010070706
281,2024-01-12 16:00:00,C,-0.6605285791636157,77.58914248878966,-0.5099544348417105,12.745280262782547
282,2024-01-12 17:00:00,B,-0.8746574535221212,77.70342214108538,3.007985977165377,8.184755524683158
283,2024-01-12 18:00:00,C,-0.7781614767798506,79.28998014089302,-5.301939616786024,44.07753237083375
284,2024-01-12 19:00:00,B,-0.5803016207897469,80.55535837444633,2.1830137038449235,8.464772070188376
285,2024-01-12 20:00:00,C,-0.4806531664144841,81.6433345165891,2.492170384995258,4.760754658332471
286,2024-01-12 21:00:00,A,-0.5128783747316895,81.14904897635749,-4.146780464816299,43.45758181434472
287,2024-01-12 22:00:00,B,-0.49217801646005155,81.47615247674516,-0.6853751881606975,31.385251604532087
288,2024-01-12 23:00:00,B,-0.5189339952046935,82.52075799224875,-0.7428817319915829,44.54578511856731
289,2024-01-13 00:00:00,C,-0.7577036657532572,82.10885709836998,-2.8150233894356425,38.93434460967595
290,2024-01-13 01:00:00,B,-0.696154579569048,85.61053872169478,-1.5556333751817506,21.333538332801186
291,2024-01-13 02:00:00,B,-1.234911228641633,82.49233897288195,-2.2211516909316575,42.83224213801999
292,2024-01-13 03:00:00,C,ошибка,84.86574057889572,3.5045408868472454,-6.477522324046074
293,2024-01-13 04:00:00,C,-1.2689518664521662,87.28760621922963,1.8713567862949223,-22.28737879199931
294,2024-01-13 05:00:00,B,-1.383701535129339,85.85579984456,2.5431101899883175,-15.44482941722617
295,2024-01-13 06:00:00,B,-1.020783525735377,86.24596096499852,1.4433441280864703,-15.856829003395447
296,2024-01-13 07:00:00,B,-0.606434608456778,86.66755457718958,-2.2581035424344584,23.344614853524966
297,2024-01-13 08:00:00,C,-0.6192850774897666,87.4356083182376,-1.0490405325595473,6.3502882979528685
298,2024-01-13 09:00:00,B,-1.1624725393344066,89.58184847467653,0.9787491224558361,17.815006900969152
299,2024-01-13 10:00:00,B,-0.7245269521950509,86.5921380886705,-2.4442556177838908,37.48059472992279
300,2024-01-13 11:00:00,A,0.15662425820441905,90.93443370129633,1.4259968603447761,46.041787682121296
301,2024-01-13 12:00:00,B,-0.10691250055469406,88.57604284754986,-0.48065079631627006,4.73028077376396
302,2024-01-13 13:00:00,C,0.416846837874201,90.33434767076558,-0.749641615099195,3.766173729054792
303,2024-01-13 14:00:00,B,0.9024233720452444,90.77475557970135,1.421919936406983,20.077116802043584
304,2024-01-13 15:00:00,A,0.6363482039881776,92.39755326977071,0.8885266229720795,18.727377497041125
305,2024-01-13 16:00:00,B,1.0720342330097332,90.81787564811624,-0.7219323316381598,35.68870310003919
306,2024-01-13 17:00:00,A,0.675594165342378,93.48717266608195,2.318659606728496,2.5041733906135706
307,2024-01-13 18:00:00,A,0.8602061244964111,95.66030962328685,-2.1621266551997946,19.886953646712204
308,2024-01-13 19:00:00,C,1.0470896336871645,92.88582599540719,1.2318712138885275,37.54374361014915
309,2024-01-13 20:00:00,C,0.35199846799896567,95.0537061676104,1.1862025159367675,7.969660687136135
310,2024-01-13 21:00:00,C,0.8343257187006015,94.8190178222034,-0.6190928786279806,28.904550164543842
311,2024-01-13 22:00:00,C,0.5866256295871219,96.52588720619305,0.652266044484236,15.983771865300584
312,2024-01-13 23:00:00,C,0.6867482252598457,96.74014777741576,-2.502227152770606,30.16029416314437
313,2024-01-14 00:00:00,A,0.5676076667907106,96.7025130909557,1.848054038413802,12.941526199847111
314,2024-01-14 01:00:00,C,0.9436992336853494,98.45687228487108,-0.36980427288597806,26.29707580514969
315,2024-01-14 02:00:00,C,0.6546039199873517,100.40034810978675,-1.045446041038079,31.084226774146774
316,2024-01-14 03:00:00,C,0.604505840127248,99.03409620827271,2.0980184516737785,-2.98092912888111
317,2024-01-14 04:00:00,C,0.8985100022245497,100.57575794214819,-1.4086873810855185,25.80674192440921
318,2024-01-14 05:00:00,B,1.140445545212152,99.19572704212884,-2.8169225927271193,37.07318075485747
319,2024-01-14 06:00:00,C,1.0699239745089208,100.16756362318199,-3.1132583470478075,58.14353262759279
320,2024-01-14 07:00:00,C,1.086210183375514,102.23340627788038,1.2120199026912792,21.92299608687686
321,2024-01-14 08:00:00,C,0.8088454358201856,103.88411602853597,-2.560858704992566,26.616294548461426
322,2024-01-14 09:00:00,B,0.6874202523144092,103.39661334878566,3.5095883639687293,2.102141540765055
323,2024-01-14 10:00:00,B,0.25863317426056603,103.37094196947685,-4.163858815767444,37.10414989574762
324,2024-01-14 11:00:00,B,0.9381118126035888,104.32829140542336,3.3929127365800764,-18.682120013747166
325,2024-01-14 12:00:00,C,-0.26318955750290973,103.72559226603028,0.4220349344052368,3.9269113941814666
326,2024-01-14 13:00:00,B,-0.4111631153415579,106.22951532635537,-0.19342622374078478,19.79987849224384
327,2024-01-14 14:00:00,A,-0.7136429427497216,107.15833306232341,-1.0898381736178995,32.04056552091887
328,2024-01-14 15:00:00,C,-0.4800544597138486,106.47690966716692,0.7982722287041417,48.277368038620345
329,2024-01-14 16:00:00,A,-1.0228773794484414,107.1139578522405,-0.07526940484969673,20.672862758543566
330,2024-01-14 17:00:00,C,-0.6697008653112229,108.50687822965205,2.206603764033043,10.931223404630765
331,2024-01-14 18:00:00,B,-1.2776621412815496,108.4632802639594,0.2284552973240793,11.076569734943227
332,2024-01-14 19:00:00,C,-0.9535673969747759,109.49486738537418,0.3006035229237552,19.00946858477123
333,2024-01-14 20:00:00,C,-1.196246345070885,112.32372178916651,,26.90003885345844
334,2024-01-14 21:00:00,C,-0.17990619110695139,110.641974299254,-0.11389124744213491,45.32745976095611
335,2024-01-14 22:00:00,C,-1.0523604267867224,111.19765984797877,0.6156035377841184,27.415823821002547
336,2024-01-14 23:00:00,A,-0.49494884843490516,111.57745819436485,-3.420336785313251,34.32365026344739
337,2024-01-15 00:00:00,A,-0.32856037546004324,113.64019197149993,-2.696370844211426,14.97594084698309
338,2024-01-15 01:00:00,B,-0.3767095968359172,113.3877758267819,1.48652818804543,14.080379993827467
339,2024-01-15 02:00:00,C,-0.5931094740377245,113.59462696167857,0.3417308762558837,14.518081089263498
340,2024-01-15 03:00:00,C,-0.6611529829926205,116.24230403227301,-0.36796667270535827,10.818646623883565
341,2024-01-15 04:00:00,B,-0.7265186377000868,117.01960300451364,0.03686786613078632,31.33419664353713
342,2024-01-15 05:00:00,C,-0.9122226695087892,115.6805764342613,0.6951634107233421,11.325250132567122
343,2024-01-15 06:00:00,B,-0.6932786461316336,115.09746004863938,-1.079519360618723,36.61925615140014
344,2024-01-15 07:00:00,C,-0.3946011969282881,118.65651368983693,-1.5566094508046253,20.214735902387716
345,2024-01-15 08:00:00,C,-1.240375796902012,117.65137017424,0.3916905101953631,15.196989322565733
346,2024-01-15 09:00:00,B,-1.4255929498752766,119.81562559916277,-1.956745555230064,26.727919023819798
347,2024-01-15 10:00:00,B,-0.904099272414631,117.74589618228818,0.8165055114289437,26.003701437643137
348,2024-01-15 11:00:00,A,0.10655554680024226,121.30159733829932,-3.4051672084756808,35.17050190631941
349,2024-01-15 12:00:00,C,-0.6398476682806526,119.89282807071922,2.0583112746512873,-17.17240506016298
350,2024-01-15 13:00:00,C,0.39742857245025365,122.53176411906652,0.945194964826086,33.43858835747452
351,2024-01-15 14:00:00,B,0.722013043231021,122.51427306783643,0.5120594686277513,28.33241983760651
352,2024-01-15 15:00:00,B,0.3458159854709129,122.24706058060336,1.9653819678910278,11.180492290221533
353,2024-01-15 16:00:00,B,0.9301875611850412,123.49696368707322,3.3309488889251533,-1.77377262238622
354,2024-01-15 17:00:00,C,1.4302597341345058,125.29531845695671,2.028740130036261,25.286329768587997
355,2024-01-15 18:00:00,C,0.933689873673477,125.42189445311524,,86.34909032904824
356,2024-01-15 19:00:00,A,1.014177320064699,126.60941298047248,-2.559153933471403,25.842297142309818
357,2024-01-15 20:00:00,C,0.8592761355839101,128.7124405845155,-1.2496371553913577,25.939415311006027
358,2024-01-15 21:00:00,C,0.635625398292518,125.88475838828894,0.05218210042166757,49.630177205904076
359,2024-01-15 22:00:00,B,0.622209278632865,129.78121257496863,1.035318040938246,29.903082790174583
360,2024-01-15 23:00:00,A,0.3228453525774277,128.98535593752322,-1.4514876263069312,14.894717499735119
361,2024-01-16 00:00:00,C,0.5935972286722084,128.70121595167686,0.37353352895415665,6.711266137067295
362,2024-01-16 01:00:00,C,0.2855240172338695,128.990686374261,-1.510765864706645,23.30048825219623
363,2024-01-16 02:00:00,B,0.5715393428100006,130.854879609223,-1.2230356059838965,37.440123909302415
364,2024-01-16 03:00:00,B,0.07394242848582483,132.69065011192447,-2.8133221936964445,42.020572315264864
365,2024-01-16 04:00:00,B,0.7267243596392304,132.3684508796225,-1.8464664922218086,41.28342168426009
366,2024-01-16 05:00:00,C,0.9960835724812307,134.73615493024735,-2.7033692112326673,31.24673101789212
367,2024-01-16 06:00:00,B,0.276267286343178,132.50482430994842,-1.9517465059546655,50.11872792589566
368,2024-01-16 07:00:00,B,1.099547254886585,134.67691105215394,2.107283593215679,28.817038824400242
369,2024-01-16 08:00:00,C,1.4283995847406292,134.1716065555869,-1.898797777663886,29.42749742234379
370,2024-01-16 09:00:00,C,0.7091449801409566,136.52463188262496,5.264764129674782,-0.3138282194732832
371,2024-01-16 10:00:00,B,1.5114343534286605,137.78688739009732,0.9866358017617785,8.902547573216228
372,2024-01-16 11:00:00,B,0.9944594240818662,137.22023820631892,0.3696722473897478,37.3113233966205
373,2024-01-16 12:00:00,C,0.443648687416035,135.7797861433729,-1.7167155603624271,39.2890668316543
374,2024-01-16 13:00:00,A,0.3674305142133228,139.32794814679647,1.4006197588179827,32.94588452809035
375,2024-01-16 14:00:00,A,0.2461199328342236,140.3127385517335,-1.1512756524755479,35.45642741455144
376,2024-01-16 15:00:00,C,-0.21126232067095665,141.0292947549617,0.24401962929072288,45.31448962387638
377,2024-01-16 16:00:00,A,-0.36392210925566315,142.61178219182216,5.120169076537589,3.9636673063172436
378,2024-01-16 17:00:00,C,-1.0464903883051748,141.05794632035094,-0.19211979944929974,44.54376606353458
379,2024-01-16 18:00:00,C,-0.8980872720046605,143.56421610545047,2.2985466525713516,3.396582607074521
380,2024-01-16 19:00:00,B,-1.4747505025646033,144.83350751247798,-1.4063528502517748,22.94120995861723
381,2024-01-16 20:00:00,B,-1.1080806921050237,142.6214124159935,-0.0699769809939234,47.766898185313366
382,2024-01-16 21:00:00,C,-1.3013355774807736,145.48065182591898,3.54160127127102,-13.080079105382119
383,2024-01-16 22:00:00,C,-1.1550477298627255,145.41982016899235,-1.2539341155755348,0.07872775213148486
384,2024-01-16 23:00:00,C,-0.43969669662599603,146.60747732689833,3.6248971159938574,6.248010066177077
385,2024-01-17 00:00:00,C,-0.35663270444342626,147.80367648353837,1.4155038709109509,28.508410303681238
386,2024-01-17 01:00:00,A,-0.3962089750601163,147.73777143588643,,-1.951618413187191
387,2024-01-17 02:00:00,C,-0.8421636862652724,148.3202919208384,,36.69557892438088
388,2024-01-17 03:00:00,B,-0.5970184431065968,149.80315241748804,1.9451088992534598,16.44745393627749
389,2024-01-17 04:00:00,B,-0.18009019492102424,149.45675406113722,1.2436199244343928,19.74896806305358
390,2024-01-17 05:00:00,A,-0.5902796258157066,150.23517487111482,-3.140449439780913,28.826799893879045
391,2024-01-17 06:00:00,B,-0.05661400206647815,152.7793732829565,-1.4542743516497372,34.127233012692145
392,2024-01-17 07:00:00,C,-0.7626198874002649,151.73220596484134,-0.4950372711030095,37.183252382194716
393,2024-01-17 08:00:00,B,-0.9345021505472764,154.33031250090923,-0.14886685820009257,41.011029995979804
394,2024-01-17 09:00:00,B,-1.1550210215359853,154.91159129285396,1.241344195101356,24.414636219113937
395,2024-01-17 10:00:00,B,-1.0306962949082112,153.5101932712094,0.35540200186650767,38.32946496250592
396,2024-01-17 11:00:00,C,-1.0502157030463395,155.34743534766434,-2.6706887174202025,42.47204065331624
397,2024-01-17 12:00:00,C,-0.6472764465982626,158.01010940304738,0.7603957020119264,32.390264873352365
398,2024-01-17 13:00:00,B,-0.3557914685443851,156.62783446886033,1.2211714905676463,42.49115171505001
399,2024-01-17 14:00:00,B,-0.6052866784822336,157.9395957376906,1.1195808958620797,6.780008663672945
400,2024-01-17 15:00:00,B,-0.46228906880037374,159.6630608932519,2.1615614511092436,24.33974463975305
401,2024-01-17 16:00:00,C,-0.30149013032973104,160.78339050928258,1.6678443090978081,37.97404214368019
402,2024-01-17 17:00:00,C,0.6914845860154892,160.54946111395552,0.9183601584568734,31.252671185930392
403,2024-01-17 18:00:00,C,0.44990683868364684,161.00648980530838,-0.14033142291729406,33.61108242405845
404,2024-01-17 19:00:00,C,0.3099888425759181,163.8313698616985,-3.321921867031983,75.76045141415318
405,2024-01-17 20:00:00,B,1.1702214499748076,164.9548996637976,0.8592364382651717,27.557719703103476
406,2024-01-17 21:00:00,C,1.8219008378454022,165.0038580507818,0.4153753743262223,50.216915596927535
407,2024-01-17 22:00:00,C,1.0245956106365817,164.92131814256504,0.5431576743907469,10.971740112667156
408,2024-01-17 23:00:00,B,1.180201594586653,164.84073427835907,-2.553497151640619,44.8616089403258
409,2024-01-18 00:00:00,B,0.8285992733181126,165.63355559344345,-2.1621130808165248,53.60004446079542
410,2024-01-18 01:00:00,C,0.648411747613422,167.80351410526578,2.106305706665807,33.17106950364132
411,2024-01-18 02:00:00,C,0.8503546894869258,168.51839822088868,-0.07911030771331008,38.33327010254891
412,2024-01-18 03:00:00,B,0.42547360555843367,170.32259859294643,1.3630013947452488,19.59689488682691
413,2024-01-18 04:00:00,C,0.5831437272669854,170.39445009253615,0.056636752260922345,36.00619482698253
414,2024-01-18 05:00:00,C,0.6439561728597334,169.0659196982402,0.05951227899149038,38.41613258471365
415,2024-01-18 06:00:00,B,0.4377804058514829,172.44794761772295,,24.291358932900266
416,2024-01-18 07:00:00,A,1.0564356512974293,171.2269393726856,-1.0320894564347478,51.56791047722058
417,2024-01-18 08:00:00,B,0.8343126829001849,172.67202872804765,0.19224155388196673,40.634313635624224
418,2024-01-18 09:00:00,C,0.7700757049059449,174.1392002062517,-0.924550577410085,69.8467849221835
419,2024-01-18 10:00:00,B,1.2252704422810343,176.71966748978394,-0.8689924548646312,31.769041194618282
420,2024-01-18 11:00:00,B,0.7997505851845248,178.67091855600538,-0.6183442469372787,38.07538613036332
421,2024-01-18 12:00:00,C,1.0075428777072208,177.0067230591362,0.4442675432674257,46.20441032974459
422,2024-01-18 13:00:00,C,0.8477463363923845,177.05780338127963,-0.9574972433269546,19.07905284002902
423,2024-01-18 14:00:00,B,0.956078169639218,178.61850564848055,2.5115122511470416,23.180773787751665
424,2024-01-18 15:00:00,B,0.4971438372158623,179.81665542587385,-1.7892146044390078,61.45121688941092
425,2024-01-18 16:00:00,B,0.03969395850883027,179.45533237444283,-0.3737432883227181,27.05218113112351
426,2024-01-18 17:00:00,C,-0.019292066040015488,182.42021135591233,-0.8794621165483498,36.346631914610434
427,2024-01-18 18:00:00,C,-0.1354421533845261,181.7060707591914,2.8939557687074657,13.979771775871196
428,2024-01-18 19:00:00,B,-0.624033160235092,182.8267430890914,0.39310955302314926,37.76082664197889
429,2024-01-18 20:00:00,C,-0.9595157570076989,183.84992425205445,2.0636890789372697,15.777741785334868
430,2024-01-18 21:00:00,C,-1.4500147829009742,184.46258661061447,-2.971120746073944,52.74282663865277
431,2024-01-18 22:00:00,C,-1.392651599063261,185.73894050046962,0.5341005317385177,22.227015867705816
432,2024-01-18 23:00:00,C,-1.1141112675584817,185.14374681345308,1.779261591246874,47.79674285265406
433,2024-01-19 00:00:00,B,-1.1057060828629066,186.06569824605396,0.16456797855084837,38.250170318897744
434,2024-01-19 01:00:00,B,-0.853664588981031,186.3888457670283,2.1309607501307024,-0.2869126124963408
435,2024-01-19 02:00:00,C,-0.6551939511194952,188.79550123062023,-1.0345769002007443,51.56938314879794
436,2024-01-19 03:00:00,C,-0.41151032628216055,190.0039365035121,2.81869488037116,28.144270785229992
437,2024-01-19 04:00:00,C,-0.5319248142738956,190.5537728661519,4.5977962472385006,15.511681851992899
438,2024-01-19 05:00:00,B,-0.35794307915289436,192.64349243334752,-0.7256771208793181,57.348893393117365
439,2024-01-19 06:00:00,C,-0.5316492282490962,191.83840398117096,-0.8910050428015436,70.4887176822284
440,2024-01-19 07:00:00,C,-1.2363362850302972,193.38974165559253,2.906768954235402,20.736401836760166
441,2024-01-19 08:00:00,A,-1.0470526568270158,192.50829912386067,3.1591442914614247,14.957176653705181
442,2024-01-19 09:00:00,B,-0.9361671226304045,194.0939002975256,-1.0457200543065366,42.47717076080517
443,2024-01-19 10:00:00,C,-1.3642829027472547,196.05953775756578,-0.8403736341917145,41.467362356081686
444,2024-01-19 11:00:00,C,-0.8862123415061652,197.09810211074313,-0.5635692177210144,39.204289836905126
445,2024-01-19 12:00:00,B,-0.6084082124396607,196.8420330523358,-2.688901022068554,39.65934630725396
446,2024-01-19 13:00:00,C,-0.627875611601096,197.95340074814195,-1.8373038929683965,50.65085362764129
447,2024-01-19 14:00:00,B,-0.9051069924887045,197.3981262533192,-2.0082815335041357,55.60387857190962
448,2024-01-19 15:00:00,B,-0.1704589465107445,199.4519707991934,-1.5355951302082569,51.88896269510624
449,2024-01-19 16:00:00,C,-0.295297870520285,201.5943831635198,-0.06936977477356236,32.2152304768356
450,2024-01-19 17:00:00,C,-0.13259985143623976,202.17620501610656,,18.92442117499584
451,2024-01-19 18:00:00,C,0.09579110699508786,203.0006657213812,3.1010009856281537,31.09630668991606
452,2024-01-19 19:00:00,C,0.47505684909413615,203.45077368718097,-1.996708081477582,52.552609980641336
453,2024-01-19 20:00:00,A,0.6852116998553484,204.31106315862817,1.9686447969531675,27.306624673752445
454,2024-01-19 21:00:00,C,1.020316309217713,204.54867886052656,-0.4279776884510179,59.66256427301437
455,2024-01-19 22:00:00,B,1.1072571160659508,206.81482842020256,-0.0989274193048659,45.32527002525844
456,2024-01-19 23:00:00,B,1.0729780304474585,207.44597294438938,1.3496389843332075,56.25587612566912
457,2024-01-20 00:00:00,B,1.1496283374145706,208.4280188479928,-2.2454440431245972,81.50060668180149
458,2024-01-20 01:00:00,B,1.2741799822777549,208.32296515733245,0.7648194923681012,36.66573061464876
459,2024-01-20 02:00:00,B,1.0759622829086557,207.61065708012876,0.3329044164261122,48.13233297165305
460,2024-01-20 03:00:00,B,0.22088995994444172,211.7781527117537,0.9849025280162982,34.742487448597025
461,2024-01-20 04:00:00,B,-0.19986479029480275,211.1211625439916,0.5783372878156362,38.44295713260334
462,2024-01-20 05:00:00,B,0.7894242648064722,211.6582242359569,4.9106002798217885,29.148463930715735
463,2024-01-20 06:00:00,C,0.09493448334956273,214.137478911914,-1.275479968502632,51.126869320288
464,2024-01-20 07:00:00,B,0.48722244723628944,213.97698736008087,-1.0619939100036353,66.59311319111013
465,2024-01-20 08:00:00,B,0.29822457154857296,216.3559363840466,-1.2462810528495287,33.40111781542868
466,2024-01-20 09:00:00,C,0.23110289881424662,216.8420059495767,-1.1109542383205093,68.20218982144084
467,2024-01-20 10:00:00,C,1.0614715657707803,217.8395693232005,-1.2747742546130354,57.00966923103084
468,2024-01-20 11:00:00,C,1.233586237564312,216.72304428879946,2.3780330622151036,47.172382325488755
469,2024-01-20 12:00:00,B,0.8949512761952855,220.2359439853864,2.8410084959797097,23.107203478149067
470,2024-01-20 13:00:00,C,0.28847232238145815,220.22225053123387,-1.1414925874989525,55.92567360425905
471,2024-01-20 14:00:00,B,0.8238485865464809,220.5307228607538,-1.6647111462084574,63.22283691083893
472,2024-01-20 15:00:00,B,0.9490280509646698,221.98438846734226,0.9428311127728082,30.96862972189937
473,2024-01-20 16:00:00,B,0.1612331370768747,221.00776476710166,-1.1044460885619425,50.75681192762511
474,2024-01-20 17:00:00,C,0.3799923533596907,224.13765281148068,1.2658636355110215,32.02311844525162
475,2024-01-20 18:00:00,B,0.01114588434460589,223.64662849181795,0.4058460417025994,55.16943724955276
476,2024-01-20 19:00:00,A,-0.12115044810644632,224.27232971415646,-3.031488229994464,80.2999214691055
477,2024-01-20 20:00:00,B,-0.5430902871710376,225.0536408137821,3.0950104026601233,23.873766373141542
478,2024-01-20 21:00:00,C,-1.1037011794164906,228.6416883749899,3.5917553461910434,25.398945396447026
479,2024-01-20 22:00:00,C,-0.6165936883136582,227.85473660630723,-1.2255773809687724,42.500886217543986
480,2024-01-20 23:00:00,B,-1.1090704630718378,230.9747277099165,-0.7754031198719683,48.0711609937168
481,2024-01-21 00:00:00,C,-1.0790343675024325,229.8641985369477,0.5717307814498099,36.43000835217242
482,2024-01-21 01:00:00,C,-1.2944090821923224,229.65364204240709,0.66891357997405,58.88345256263344
483,2024-01-21 02:00:00,C,-1.0440432558230022,231.20747556005136,1.3170885453456609,10.6073585898042
484,2024-01-21 03:00:00,B,-1.0500629973054776,234.52481162000694,4.020409077532699,22.25652758862007
485,2024-01-21 04:00:00,C,-0.7124764486842843,234.10010182206332,,37.45280530827592
486,2024-01-21 05:00:00,B,-0.04880125768409471,234.6767127035094,-1.5965944890769075,66.90373813984557
487,2024-01-21 06:00:00,C,-0.9191863815841366,236.35601822585278,-2.7586384560290544,56.23386290208599
488,2024-01-21 07:00:00,A,-0.9903075196205477,237.67078273616755,-1.4618600798838381,69.68191212163366
489,2024-01-21 08:00:00,B,-0.11707562221825746,239.26139881590245,-0.06625394574759419,41.97332119782056
490,2024-01-21 09:00:00,B,-0.7176885595456979,240.56949922989293,3.5891157270355754,29.55631947968727
491,2024-01-21 10:00:00,C,-0.9788766144257357,239.74023135421092,-1.0352225980723428,50.34256796089447
492,2024-01-21 11:00:00,A,-0.5931016544919453,239.75495231391798,0.447575903277797,34.324152372257686
493,2024-01-21 12:00:00,C,-1.1918766954141218,241.65053483887672,-0.03284579214550415,60.61044351321632
494,2024-01-21 13:00:00,B,-0.5216528314794527,243.3092805065829,2.376786546896168,42.05343228340298
495,2024-01-21 14:00:00,C,-0.8603669189685716,243.0722410737894,5.053864851747243,10.517605587899636
496,2024-01-21 15:00:00,C,-1.1281155381095247,244.06784908510497,-1.0617375458406413,23.971987138027572
497,2024-01-21 16:00:00,C,-0.1745292972814445,246.35978788154986,-0.9788788850364443,56.168578779091845
498,2024-01-21 17:00:00,C,-0.7737160640721776,246.96034764842958,2.088321754138144,27.04177081123538
499,2024-01-21 18:00:00,C,-0.08736790699327826,248.0367969954116,1.3637829792526228,42.79973313449954
500,2024-01-21 19:00:00,B,0.08978777412193435,248.24250466529995,3.693414651472067,3.2738028772924963
